location,well_or_spring_name,WGS84_latitude,WGS84_longitude,depth_bgl_in_m,rock_type,stratigraphic_period,temperature_in_c,electrical_conductivity_25c_in_uS/cm,pH,redox_potential_in_mV,total_dissolved_solids_in_mmol/L,O2_in_mmol/L,Na_in_mmol/L,Mg_in_mmol/L,Ca_in_mmol/L,Cl_in_mmol/L,SO4_in_mmol/L,HCO3_in_mmol/L,Li_in_mmol/L,K_in_mmol/L,Sr_in_umol/L,NH4_in_umol/L,Fe_in_mmol/L,Mn_in_mmol/L,F_in_umol/L,NO3_in_mmol/L,H2SiO3_in_umol/L,HS_in_mmol/L,Database_number,Database_name
,W1,31.79,100.25,,Metamorphic Rock,,10,1666,7.78,,21.089127393930145,,2.9756714823885355,1.772392511828842,6.778182544039123,0.025726375176304654,0.2763793462419321,9.233817440442632,,0.026957693812774467,,,,,,,,,10.0,
,W1,31.79,100.25,,Metamorphic Rock,,9.8,1550,6.67,,30.175357146452757,,3.627918140456305,2.0204484673935403,5.863191776036729,0.3119887165021156,0.21970643347907556,17.947057203917606,,0.1850464086673845,,,,,,,,,10.0,
,W1,31.79,100.25,,Metamorphic Rock,,11.29,30400,7.04,,23.526523428843497,,2.9595773667843295,1.698498251388603,5.1003044064075045,0.2664033850493653,0.23190714136997712,13.118087149768586,,0.1517457280751337,,,,,,,,,10.0,
,W2,31.76,100.29,,Metamorphic Rock,,25,644,8.11,,3.800171659854208,,0.11957492917827926,0.381979016663238,0.8373172313987723,0.008716502115655852,0.04787632729544035,2.395244326152797,,0.009463327050025193,,,,,,,,,10.0,
,W3,31.58,100.43,,Metamorphic Rock,,26.2,1549,7.58,,9.284507592562823,,0.5870002434561217,0.8871837070561612,2.144717800289435,0.02031029619181946,0.23740370601707264,5.378606678816325,,0.02928516073588877,,,,,,,,,10.0,
,W,,,,Metamorphic Rock,,26,562,7.41,,9.156566566862834,,0.6729950179142731,0.8610162518000412,2.0757023803583015,0.048321579689703804,0.21755153029356653,5.234558351142636,,0.046421455664312765,,,,,,,,,10.0,
,W4,31.54,100.46,,Metamorphic Rock,,11,—,7.26,,43.67995747258725,,19.5208572996101,0.734211067681547,1.8014371974649435,0.09571227080394921,0.05961898813241724,21.1829420094138,,0.28517863948048894,,,,,,,,,10.0,
,W4,31.54,100.46,,Metamorphic Rock,,10.5,1970,7.3,,40.75096193078116,,18.856387813205085,0.7611191112939724,1.7729427616148508,0.08346967559943581,0.11264834478450968,18.89279673794758,,0.271597486335723,,,,,,,,,10.0,
,W4,31.54,100.46,,Metamorphic Rock,,11.3,44600,7.71,,43.15379554873063,,19.53582047736104,0.5825550298292532,1.6047457457956982,0.08716502115655853,0.003206329377472413,21.046223662991174,,0.2940792822194315,,,,,,,,,10.0,
,W5,31.58,100.72,,Metamorphic Rock,,13,1410,8.68,,34.09802421490964,,13.342674300033202,1.1050401152026332,1.2781326413493683,0.03638928067700987,0.049958359358734106,17.849084186650234,,0.43674533163845997,,,,,,,,,10.0,
,W5,31.58,100.72,,Metamorphic Rock,,19.7,—,6.54,,49.94566776598221,,16.19054980500239,2.2684221353630942,4.775637506861619,0.047842031029619175,0.0412346450135332,26.005509826801795,,0.6164718159101547,,,,,,,,,10.0,
,W6,31.27,100.8,,Metamorphic Rock,,37.5,2613,6.85,,51.14694707191191,,26.406093945528557,0.8973462250565727,0.2819501971156245,0.1717912552891396,0.1275244638767437,22.93793020938495,,0.3243107756603228,,,,,,,,,10.0,
,W6,31.27,100.8,,Metamorphic Rock,,37.2,2672,8.64,,53.75440846080464,,26.95633870875345,0.9129808681341288,0.2835470831877838,0.1616361071932299,0.1209660628773683,24.983119403180762,,0.33582022747792106,,,,,,,,,10.0,
,W6,31.27,100.8,,Metamorphic Rock,,33.2,3430,9.95,,50.93398407458446,,25.81974616621855,0.8977576630322979,0.2577473925844603,0.17235543018335683,0.12075785967103893,23.342587615214168,,0.3230319476805897,,,,,,,,,10.0,
,W6,31.27,100.8,,Metamorphic Rock,,28.2,3020,8.81,,54.5028208271944,,26.964603254604253,0.8767743262703147,0.24976296222366384,0.16784203102961917,0.1285654799083906,25.79224082547757,,0.3230319476805897,,,,,,,,,10.0,
,W6,31.27,100.8,,Metamorphic Rock,,45.5,3010,9.98,,72.18358139847477,,38.11186282015274,0.5272418019337585,0.0678605391985628,0.148068899283385,,32.89434057505474,,0.4342067628515818,,,,,,,,,10.0,
,W6,31.27,100.8,,Metamorphic Rock,,31.5,2407,8.27,,57.86291136048107,,26.891994257271573,1.0459114311869986,0.25399641863366434,0.13657069675599434,0.046345643347907556,29.15197126037419,,0.3361216529107403,,,,,,,,,10.0,
,W6,31.27,100.8,,Metamorphic Rock,,—,—,—,,62.982545060956426,,28.708695613056527,0.5179403676161407,0.19274421382039597,0.18484908321579688,0.019107849260878617,32.93455245112821,,0.42465548285846955,,,,,,,,,10.0,
,W7,31.33,100.9,,Metamorphic Rock,,39.9,—,6.97,,45.35822527011936,,17.505308557036827,0.7846122197078791,3.668745945406457,0.03390691114245416,0.13031438684155736,22.936603033918527,,0.29873421606566014,,,,,,,,,10.0,
,W7,31.33,100.9,,Metamorphic Rock,,38.3,44600,7.58,,43.39014530096036,,17.262330909023056,0.489158609339642,3.502644842557013,0.04011283497884344,0.120737039350406,21.67635011996696,,0.2988109457444441,,,,,,,,,10.0,
,W8,31.17,100.92,,Metamorphic Rock,,14.5,1600,9.61,,46.3990218896764,,13.093954967533602,4.190907220736474,2.7967463446279752,0.04282087447108603,0.05622527586924838,25.92635962554575,,0.29200758089226386,,,,,,,,,10.0,
,W8,31.17,100.92,,Metamorphic Rock,,16.5,—,6.62,,54.3225280397232,,12.858458908395296,4.539024891997531,6.772718199510954,0.03873060648801128,0.04838642515094732,29.780158251497948,,0.28505075668251556,,,,,,,,,10.0,
,W8,31.17,100.92,,Metamorphic Rock,,15.5,2570,6.79,,57.22557557830984,,12.489251196912853,4.222053075498869,6.40847846698937,0.04767277856135402,0.04014157818030398,33.73870802795296,,0.27927045421412183,,,,,,,,,10.0,
,W8,31.17,100.92,,Metamorphic Rock,,15.89,52600,7.3,,48.9158630719127,,11.751096759606414,3.7221970787903724,6.825540196616596,0.03196050775740479,0.04351447012283989,26.270544833554037,,0.2710092254650458,,,,,,,,,10.0,
,W9,31.08,101.01,,Metamorphic Rock,,15.6,—,6.89,,44.80676537016727,,3.5535807254087683,9.15145031886443,5.347322720694645,0.02964739069111424,1.3403601915469499,25.18214458968677,,0.20225943327459245,,,,,,,,,10.0,
,W9,31.08,101.01,,Metamorphic Rock,,14.3,2510,7.16,,46.470683219544206,,3.461191802318675,9.072495371322773,6.698962024053096,0.03737658674188998,1.4231001457422445,25.578955304112966,,0.1986019852525557,,,,,,,,,10.0,
,W9,31.08,101.01,,Metamorphic Rock,,14.3,53300,7.46,,46.96139688012546,,3.377154420298873,8.999177124048549,7.0135735316133525,0.04332863187588152,1.6311680199875078,25.69770259993969,,0.1992925523616116,,,,,,,,,10.0,
,W10,31.07,101.02,,Metamorphic Rock,,15.3,57600,7.71,,49.77192785496188,,1.3579953761170893,18.117794692450115,1.2848196017765356,0.024090267983074756,7.171174266083698,21.641979585950097,,0.17407406460127423,,,,,,,,,10.0,
,W11,31.01,101.08,,Metamorphic Rock,,12.6,—,6.79,,24.955666637289234,,0.7207553934099991,1.9235959679078378,7.150780977094665,0.050860366713681236,0.07631688528003332,15.013049258564854,,0.02030778831816217,,,,,,,,,10.0,
,W11,31.01,101.08,,Metamorphic Rock,,12.9,1430,6.98,,24.848800230990175,,0.7322822599913902,1.8094219296441063,6.861844403413344,0.06882933709449929,0.07137205912971059,15.274793171716642,,0.030257070000485956,,,,,,,,,10.0,
,W11,31.01,101.08,,Metamorphic Rock,,13.19,29600,7.46,,24.543903912569874,,0.6577273568951476,0.9533840773503395,6.635610559409152,0.04473906911142454,0.06739537788881948,16.154150987924638,,0.030896483990352518,,,,,,,,,10.0,
,W12,31.06,101.1,,Metamorphic Rock,,51.6,2100,9.8,,48.383774406482196,,21.504270670789644,0.435079210330648,0.22692482240727654,0.05804513399153737,0.23237976264834476,25.528969070813282,,0.39810573550145656,,,,,,,,,10.0,
,W12,31.06,101.1,,Metamorphic Rock,,55,2400,7.21,,50.29572292657652,,23.50615180169927,0.5140506068710142,0.4703328509406657,0.04880112834978843,0.2114719966687487,25.119295013832257,,0.42561952821478166,,,,,,,,,10.0,
,W12,31.06,101.1,,Metamorphic Rock,,52.3,2010,9.86,,50.4336057927952,,23.428639061140633,0.5824315984365357,0.9291381805479314,0.06510578279266571,0.29056839475327917,24.74018630934431,,0.39753646577984203,,,,,,,,,10.0,
,W12,31.06,101.1,,Metamorphic Rock,,52,—,7.21,,49.182149674511614,,24.001589576650378,0.5676609751080025,1.038924098008883,0.04880112834978843,0.22542161149281698,22.872444703753718,,0.42730758114802947,,,,,,,,,10.0,
,W12,31.06,101.1,,Metamorphic Rock,,52,2160,7.4,,46.86202286356115,,23.06647796243625,0.5504628677226908,1.00566395528719,0.05413258110014104,0.20401832188215696,21.57605774147448,,0.40520943365824086,,,,,,,,,10.0,
,W13,31.18,101.17,,Metamorphic Rock,,51.5,880,9.45,,20.94581035913522,,7.9844543994246315,0.46647188451271343,0.559467176114881,0.2433342736248237,0.0633635227982511,11.353528864181667,,0.2751902384782484,,,,,,,,,10.0,
,W13,31.18,101.17,,Metamorphic Rock,,51.2,1223,7.59,,20.189349617506444,,8.240361179792629,0.5054926969759309,0.16408004391436695,0.19461212976022563,0.05009369144284822,10.739402918540467,,0.29530695707997534,,,,,,,,,10.0,
,W14,31.28,101.18,,Metamorphic Rock,,35.4,1080,9.37,,28.17387725878928,,9.276484778009602,0.8977142124433327,1.4707547888736239,0.5414301833568406,0.05342390172808661,15.440370520905716,,0.49369887347207675,,,,,,,,,10.0,
,W14,31.28,101.18,,Metamorphic Rock,,36.6,1603,7.21,,26.760270413007767,,9.749771735418483,1.0075293149557705,0.14347023304556114,0.5016361071932299,0.08506141994586718,14.7593777451456,,0.5134238573032587,,,,,,,,,10.0,
,W15,31.14,101.18,,Metamorphic Rock,,53,738,9.35,,20.13137269535984,,7.8092663045939705,0.38107218382113967,0.63511488617433,0.24932016925246825,0.0915032271496981,10.662653564264268,,0.3024423601039636,,,,,,,,,10.0,
,W15,31.14,101.18,,Metamorphic Rock,,54.6,839,8.18,,18.19704262029214,,6.6793189614040935,0.4033737914009463,0.16627576226358598,0.18905500705218617,0.06959192171559442,10.394350408412109,,0.29507676804362337,,,,,,,,,10.0,
,W16,30.95,101.24,,Metamorphic Rock,,46,3120,9.87,,75.57117322625511,,37.14695871889796,0.5760131660152232,0.2120864314586556,0.18484908321579688,0.019107849260878617,36.9845681845,,0.44758979290659695,,,,,,,,,10.0,
,W16,30.95,101.24,,Metamorphic Rock,,44.5,—,8.31,,75.30040236140272,,36.74037664432383,0.5471456930672701,0.2352330062877389,0.1688642143864598,0.022314569019362896,37.14976858832322,,0.4366996459948386,,,,,,,,,10.0,
,W16,30.95,101.24,,Metamorphic Rock,,43.4,3450,7.82,,80.55946803506168,,36.794497587165836,0.5718164986628266,0.12420779480013971,0.15918194640338507,0.018821569852175722,42.427495378322035,,0.46344725985528784,,,,,,,,,10.0,
,W16,30.95,101.24,,Metamorphic Rock,,46.6,3100,8.7,,81.89838659479847,,36.494494572781484,0.6462867722690805,2.275911971655272,0.25636107193229896,0.026275244638767438,41.742003841564944,,0.4570531199566222,,,,,,,,,10.0,
,W16,30.95,101.24,,Metamorphic Rock,,42.8,—,7.26,,80.34621659094329,,38.76298191599925,0.6399917712404855,2.4591795997804278,0.18338504936530323,0.02070580886945659,37.8106425771263,,0.46932986856206027,,,,,,,,,10.0,
,W16,30.95,101.24,,Metamorphic Rock,,42.7,3420,7.66,,75.19674051325606,,37.39376415656895,0.6067475828018927,2.1915764259693598,0.1884062059238364,0.018238600874453465,34.38752933618282,,0.41047820493474135,,,,,,,,,10.0,
,W17,30.95,101.24,,Metamorphic Rock,,44.5,1223,6.69,,23.5189138980576,,9.647769840575606,1.0964822053075498,0.4566096112580468,0.24964739069111422,0.10503851759317093,11.797885992054645,,0.16548034057746755,,,,,,,,,10.0,
,W17,30.95,101.24,,Metamorphic Rock,,55,1226,7.91,,21.636201909038448,,8.918314925217388,1.0742645546183913,0.47158041818454005,0.23354019746121296,0.10176972725379971,10.659588834550483,,0.17714325175263373,,,,,,,,,10.0,
,W17,30.95,101.24,,Metamorphic Rock,,42.5,946,9.34,,21.046894476232506,,8.652979505796688,1.0586299115408353,0.43490194121463144,0.2366713681241185,0.0971267957526546,10.39598930130718,,0.1705956524964001,,,,,,,,,10.0,
,W17,30.95,101.24,,Metamorphic Rock,,43.2,1177,8.66,,20.737295147422575,,7.689072473933949,1.0668586710553385,0.4700833374918908,0.2406205923836389,0.10024984384759526,11.004674122536743,,0.1657361061734142,,,,,,,,,10.0,
,W17,30.95,101.24,,Metamorphic Rock,,40.6,958,9.55,,23.11448821824018,,9.90765197057874,1.0529993927175478,0.5053168205748789,0.22678689411334269,0.04351331118850718,11.169323858347209,,0.20889597071995458,,,,,,,,,10.0,
,W17,30.95,101.24,,Metamorphic Rock,,44,1188,8.48,,18.767078980092982,,11.291947062625988,0.7327756257971612,0.4429935446878587,0.3054730380818053,0.0,5.758414076123297,,0.23547563277687264,,,,,,,,,10.0,
,W17,30.95,101.24,,Metamorphic Rock,,45.5,1323,7.66,,25.533483541469767,,10.42733400235557,0.8524171981073854,0.2051749089275912,0.2600846262341326,0.045325838017905476,13.500527723512212,,0.24261924431497023,,,,,,,,,10.0,
,W17,30.95,101.24,,Metamorphic Rock,,46.4,1150,9.33,,28.533732011243575,,12.200688053890406,0.7468422135363094,0.9100004990268974,0.4339915373765867,0.034249427441182596,13.951657576274076,,0.25630270369811475,,,,,,,,,10.0,
,W17,30.95,101.24,,Metamorphic Rock,,41,—,7.34,,27.938508559791195,,11.592591469709854,0.7814441472947953,1.7227656070662207,0.32330042313117063,0.03433270872371434,13.238002124005192,,0.24607207986024968,,,,,,,,,10.0,
,W17,30.95,101.24,,Metamorphic Rock,,45.6,1480,7.63,,29.30694801309367,,12.782468584177597,0.6616745525612014,1.6109835820150704,0.3277291960507757,0.023308348948573806,13.625247472827153,,0.2755362765133011,,,,,,,,,10.0,
,W17,30.95,101.24,,Metamorphic Rock,,43.9,30200,7.99,,27.097351916943204,,11.621082404090272,0.5060687101419461,1.7150805928439543,0.2956840620592383,0.006266916510514262,12.717097586238541,,0.23607164505873657,,,,,,,,,10.0,
,W18,30.95,101.24,,Metamorphic Rock,,37.8,1506,6.57,,28.186726039819938,,13.486868876324943,0.33861345402180626,0.27446479365237786,0.39012693935119885,0.0711013949614824,13.442422414810347,,0.1831281666977848,,,,,,,,,10.0,
,W18,30.95,101.24,,Metamorphic Rock,,42.5,1362,8.15,,27.90429096702293,,12.56471954981366,0.32520057601316604,0.2916063675832127,0.3671650211565585,0.07087237143452009,14.106688649683365,,0.17803843133844693,,,,,,,,,10.0,
,W18,30.95,101.24,,Metamorphic Rock,,39.2,124,9.78,,27.119620285981128,,12.191075082137624,0.32092162106562433,0.2814511702180747,0.374330042313117,0.06881115969185926,13.706552949351654,,0.1764782612031725,,,,,,,,,10.0,
,W18,30.95,101.24,,Metamorphic Rock,,36.5,1515,8.51,,26.833109335444906,,12.253276664067394,0.3229788109442501,0.2784570088327761,0.3661495063469675,0.0682906516760358,13.369268791545935,,0.17468790203154613,,,,,,,,,10.0,
,W18,30.95,101.24,,Metamorphic Rock,,37.4,1200,9.57,,26.853817167808664,,13.199490370172924,0.44882517506685865,0.1748758641898298,0.3311247678756558,0.011110923621736414,12.390387565391826,,0.2980025014898346,,,,,,,,,10.0,
,W18,30.95,101.24,,Metamorphic Rock,,34.7,1220,8.49,,19.86669245036554,,12.497127629512068,0.45547542254680107,0.32789948141124803,0.3814600282087447,0.0,5.918370022682278,,0.2863598660044043,,,,,,,,,10.0,
,W18,30.95,101.24,,Metamorphic Rock,,38.7,1305,8.27,,28.329894269075997,,12.447667482000362,0.4482205307549887,0.25118518888168073,0.4290550070521862,0.02587965854674162,14.413243565706495,,0.3146428361335403,,,,,,,,,10.0,
,W18,30.95,101.24,,Metamorphic Rock,,38,1160,9.34,,32.3108392039136,,12.848367462935359,0.489158609339642,1.9587055242277558,0.5118194640338504,0.003914220278992297,16.211035321419672,,0.2878386016783338,,,,,,,,,10.0,
,W18,30.95,101.24,,Metamorphic Rock,,39.6,—,6.69,,23.045906869250874,,6.915119503810587,0.8283069327298911,2.0814661410250013,0.37816643159379404,0.0,12.457409107000037,,0.3854387530915666,,,,,,,,,10.0,
,W18,30.95,101.24,,Metamorphic Rock,,40,1390,7.1,,31.79981769246117,,12.263237616698106,0.4698621682781321,1.8846499326313688,0.44107193229901265,0.01063918384343119,16.44047213226521,,0.28988472644590685,,,,,,,,,10.0,
,W18,30.95,101.24,,Metamorphic Rock,,39.5,31900,7.52,,29.22244276946949,,12.648060970077603,0.2872659946513063,1.9140925195868055,0.3784203102961918,0.009671038933999584,13.690929383382937,,0.2940025525406475,,,,,,,,,10.0,
,W19,30.86,101.29,,Metamorphic Rock,,45,735,9.46,,17.8635493199819,,4.893867446952773,1.1918945746395557,1.136930891191147,0.07703244005641748,0.1282417239225484,10.013209476734277,,0.4223727664851822,,,,,,,,,10.0,
,W19,30.86,101.29,,Metamorphic Rock,,46.5,897,7.97,,18.149701208131475,,5.034326356215237,1.4708496194198726,0.37362143819551874,0.06612129760225668,0.10993129294191131,10.65493437872848,,0.4399168250281981,,,,,,,,,10.0,
,W19,30.86,101.29,,Metamorphic Rock,,45.2,907,8.16,,24.814784236063158,,5.103705043752289,1.5988068298703972,3.4138929088277856,0.10265162200282087,0.1586924838642515,14.008142019902714,,0.42889332784289846,,,,,,,,,10.0,
,W19,30.86,101.29,,Metamorphic Rock,,39.6,—,6.78,,24.13106836583459,,5.123626949013711,1.6815058629911541,3.5891012525575126,0.07086036671368123,0.12489069331667707,13.09899240864811,,0.4420908325937445,,,,,,,,,10.0,
,W19,30.86,101.29,,Metamorphic Rock,,45.4,1240,7.04,,25.025136984872802,,4.967992501360062,1.5880682987039703,3.363541094865013,0.08857545839210154,0.11252342286071204,14.483011236249688,,0.42142497244125704,,,,,,,,,10.0,
,W20,31.04,101.4,,Metamorphic Rock,,73,941,9.35,,25.097509106278824,,9.63198122312199,0.7179427072661798,0.3646175686214856,0.5726346967559943,0.05778575890068707,13.347979572838955,,0.4045675787735349,,,,,,,,,10.0,
,W21,30.49,101.53,,Metamorphic Rock,,32,—,6.37,,25.814806326190777,,5.436679246320396,2.446821641637523,3.1320175657467937,0.05145275035260931,0.0,14.157604856367424,,0.5902302657660308,,,,,,,,,10.0,
,W21,30.49,101.53,,Metamorphic Rock,,35.6,1260,6.79,,29.824166252770038,,5.158120553538403,2.198724542275252,2.7762612904835566,0.04849083215796897,0.022642098688319796,19.024760393858738,,0.5951665417678006,,,,,,,,,10.0,
,W21,30.49,101.53,,Metamorphic Rock,,34.36,2855,7.14,,22.812089141935076,,4.928757657373591,1.9928409792223825,3.041244573082489,0.04860366713681241,0.02450551738496773,12.247366954674776,,0.5287697930600563,,,,,,,,,10.0,
,W22,30.54,101.62,,Metamorphic Rock,,55.2,2551.3,6.64,,45.96861249873792,,19.269441115306552,1.1956387574573133,0.3785119017915065,0.6705218617771509,0.07058088694565896,22.42475351050858,,1.9591644649511613,,,,,,,,,10.0,
,W22,30.54,101.62,,Metamorphic Rock,,39.4,2188,8.08,,44.32547214922285,,18.141765582768578,1.1693067270109032,0.36835670442636853,0.5796332863187588,0.07288153237559859,22.069659503612115,,1.923868812710527,,,,,,,,,10.0,
,W22,30.54,101.62,,Metamorphic Rock,,56,2140,9.56,,48.09923536518973,,20.15287756914826,1.096893643283275,0.357303258645641,0.5805359661495062,0.07089319175515302,23.863919445136418,,1.976812291071479,,,,,,,,,10.0,
,W22,30.54,101.62,,Metamorphic Rock,,55.6,2699,8.81,,64.72470340259186,,29.54488146444621,1.2104505245834192,0.3615449872748141,0.5796897038081805,0.07412034145325838,31.05112034718307,,1.9028960338429037,,,,,,,,,10.0,
,W22,30.54,101.62,,Metamorphic Rock,,55.4,2000,9.98,,46.45969263668794,,20.21118505736182,1.4942911891380375,0.16339983082988171,0.4804288032834414,0.01354407150392463,22.03493136316555,,2.0619123214052784,,,,,,,,,10.0,
,W22,30.54,101.62,,Metamorphic Rock,,52.1,2152,8.24,,50.145753010813934,,19.96544692519529,1.4635078276074882,0.3469638164080044,0.5612285472496473,0.0,25.7928963826356,,2.0157095117179007,,,,,,,,,10.0,
,W22,30.54,101.62,,Metamorphic Rock,,54.2,1830,9.72,,49.940796724343876,,18.935322961602008,1.127248919657235,0.4831970018390688,0.5648265162200281,0.010113470747449511,27.01056102581584,,1.8095268284622474,,,,,,,,,10.0,
,W22,30.54,101.62,,Metamorphic Rock,,56.5,2465,7.73,,52.01871336357467,,20.40916548574281,1.6288006583007613,0.24267678027845702,0.5143300423131171,0.007151780137414116,27.112532941747187,,2.1040556750549255,,,,,,,,,10.0,
,W22,30.54,101.62,,Metamorphic Rock,,56,1980,8.3,,50.64903072945874,,17.94654831025053,1.4966879242954125,2.800563900394231,0.6660084626234132,0.018155319591921716,25.92635962554575,,1.7947071867574804,,,,,,,,,10.0,
,W22,30.54,101.62,,Metamorphic Rock,,55,—,6.63,,46.710181243161344,,16.73357396501026,1.5033532195021602,3.0836369080293426,0.42640338504936526,0.02228815323755986,23.150464134467885,,1.7904614778647665,,,,,,,,,10.0,
,W22,30.54,101.62,,Metamorphic Rock,,55.2,2150,7.04,,48.851675466418286,,16.81791583029825,1.4489199753137214,2.827511352861919,0.431706629055007,0.016385592338122007,25.567958332787036,,1.7412777537642299,,,,,,,,,10.0,
,W22,30.54,101.62,,Metamorphic Rock,,54,56500,7.54,,53.848989813348894,,20.547748870377948,1.3637523143386134,2.669594291132292,0.5603385049365303,0.0072558817405788045,26.614250173722642,,2.0860497771002833,,,,,,,,,10.0,
,W23,30.55,101.62,,Metamorphic Rock,,72,1140,9.53,,30.02882038022353,,13.304627887120354,0.06892823584295905,0.2544230945537651,1.1415176304654442,0.018216739537788882,14.644966632140656,,0.596140160562564,,,,,,,,,10.0,
,W23,30.55,101.62,,Metamorphic Rock,,70.4,1374,7.6,,27.75405170611547,,12.072239612324944,0.07648631968730714,0.16126054194321074,0.7896191819464033,0.015500728711222154,14.050556568027167,,0.588388753475215,,,,,,,,,10.0,
,W23,30.55,101.62,,Metamorphic Rock,,70.9,1190,9.53,,28.422400534044584,,12.466066970920847,0.0761160255091545,0.7937022805529217,1.1794358251057826,0.025536123256298143,13.273844252730395,,0.6076990559691854,,,,,,,,,10.0,
,W23,30.55,101.62,,Metamorphic Rock,,72,—,6.84,,28.489826090578244,,12.83762355332931,0.07364739765480353,1.270347821747592,0.8951763046544429,0.020383093899646054,12.756814647769138,,0.6358332715233143,,,,,,,,,10.0,
,W23,30.55,101.62,,Metamorphic Rock,,71.9,1340,8.11,,26.439345166357622,,12.423221825325868,0.07451141740382637,1.0907729926643046,0.8391537376586742,0.020945242556735372,11.392862293663383,,0.5978776570848349,,,,,,,,,10.0,
,W23,30.55,101.62,,Metamorphic Rock,,72,30300,7.65,,26.68120899788228,,12.394643895725965,0.05969965027772064,1.193073506662009,0.8743582510578278,0.01763481157609827,11.548499429665272,,0.5932994529173902,,,,,,,,,10.0,
,W24,30.28,101.84,,Metamorphic Rock,,43.7,966,8.1,,19.94011618903403,,7.4589266207937985,0.23188644311869985,1.3082239632716202,1.1677009873060649,0.0059858421819696025,9.432902085982876,,0.33449024637899855,,,,,,,,,10.0,
,W24,30.28,101.84,,Metamorphic Rock,,39,2893,6.25,,19.918904579737863,,7.19998535000504,0.2994034149351985,1.7692499625729825,0.8893370944992948,0.0,9.42058147919917,,0.3403472785261763,,,,,,,,,10.0,
,W24,30.28,101.84,,Metamorphic Rock,,55.2,1170,6.92,,26.695338117704942,,9.81110336515343,0.20481382431598436,1.2176505813663352,1.0021438645980254,0.011232562981469914,14.032135411886564,,0.41625850740313514,,,,,,,,,10.0,
,W24,30.28,101.84,,Metamorphic Rock,,51.3,1115,6.62,,22.10911744057313,,9.43245667235717,0.19399300555441268,1.0855082588951543,0.9254160789844851,0.008182386008744534,10.032416973685935,,0.4311440650872288,,,,,,,,,10.0,
,W25,30.01,101.86,,Metamorphic Rock,,48.5,1038.7,8.31,,15.374684745399389,,9.081865937843917,0.004937255708701913,0.12146314686361595,0.2974612129760225,0.1829065167603581,5.6060216202750714,,0.08002905497169953,,,,,,,,,10.0,
,W25,30.01,101.86,,Metamorphic Rock,,47.6,930,8.8,,15.775429482171571,,9.56199255416616,0.004937255708701913,0.1091870851838914,0.2980535966149506,0.18021028523839266,5.540687155013045,,0.08036155024643014,,,,,,,,,10.0,
,W25,30.01,101.86,,Metamorphic Rock,,53.4,872,9.61,,15.324651072666004,,9.00792000128405,0.004937255708701913,0.1107839712560507,0.2705218617771509,0.17249635644388925,5.680238885028385,,0.07775274116777456,,,,,,,,,10.0,
,W25,30.01,101.86,,Metamorphic Rock,,53.8,1053,8.53,,14.726503662246225,,9.084040818330973,0.004937255708701913,0.11777034782174758,0.27531734837799715,0.1709348323964189,5.000098333573703,,0.0734047260366819,,,,,,,,,10.0,
,W25,30.01,101.86,,Metamorphic Rock,,53,835,9.38,,17.058378299381864,,9.489144510542928,0.0,0.09380021657767353,0.22289846831263752,0.06503659169982302,7.134235161463728,,0.053263350785072494,,,,,,,,,10.0,
,W25,30.01,101.86,,Metamorphic Rock,,53.1,813,8.79,,17.241100059266852,,9.019075333988784,0.0,0.09102025121014022,0.25209532299012694,0.07039960441390797,7.757863408110553,,0.05064613855333863,,,,,,,,,10.0,
,W25,30.01,101.86,,Metamorphic Rock,,55,835,9.41,,20.407733912112473,,9.256726329003133,0.012178564081464718,0.11035979839313338,0.2260366713681241,0.06299188007495315,10.542296547836006,,0.19714412135565995,,,,,,,,,10.0,
,W25,30.01,101.86,,Metamorphic Rock,,58.6,858,9.51,,15.892326275438785,,9.218404934821224,,0.09980537950995558,0.2837799717912553,0.06872787840932751,6.1330109084711095,,0.08859720243591153,,,,,,,,,10.0,
,W25,30.01,101.86,,Metamorphic Rock,,54.5,912,9.06,,19.885928757713323,,11.210029992036894,,0.10751534507709966,0.2933709449929478,0.16656256506350198,8.008394409408556,,0.10005550113432041,,,,,,,,,10.0,
,W25,30.01,101.86,,Metamorphic Rock,,56.8,855,8.71,,17.893290099969875,,9.018620413280361,0.02900637728862374,1.0910973601477119,0.22640338504936527,0.07342286071205498,7.446145979467949,,0.008593724023806662,,,,,,,,,10.0,
,W25,30.01,101.86,,Metamorphic Rock,,41,662,7.83,,14.543033892275831,,7.432784557339397,0.013742028389220326,0.15751784021158738,0.17320169252468262,0.06110764105767228,6.665164348179518,,0.03951578457375384,,,,,,,,,10.0,
,W25,30.01,101.86,,Metamorphic Rock,,42,714,9.08,,13.835457671693925,,7.272321875004486,0.009751080024686278,0.1453914866011278,0.27015514809590974,0.10112429731417864,5.987351024635838,,0.04936276001769897,,,,,,,,,10.0,
,W25,30.01,101.86,,Metamorphic Rock,,38,677,8.01,,13.685843203111828,,7.560885018026933,0.012343139271754783,0.12153800089824841,0.19819464033850492,0.061877992921090995,5.5856016703596385,,0.14540274129565733,,,,,,,,,10.0,
,W25,30.01,101.86,,Metamorphic Rock,,35,1737,8.14,,12.455913531947646,,6.57944844943853,0.00810532812178564,0.13925345576126552,0.2368688293370945,0.05933791380387257,5.346527513733922,,0.08637204175117587,,,,,,,,,10.0,
,W25,30.01,101.86,,Metamorphic Rock,,39.7,683,8.46,,11.91756507055086,,7.251530017548242,0.0170335321950216,0.15936423973252156,0.1831029619181946,0.05724547158026235,4.156855161201505,,0.09243368637511093,,,,,,,,,10.0,
,W25,30.01,101.86,,Metamorphic Rock,,41,761,7.93,,11.955635130254574,,7.093198718090643,0.0216827813207159,0.18254403912370878,0.21427362482369533,0.06127420362273579,4.307773596779903,,0.07488816649317233,,,,,,,,,10.0,
,W26,30.27,101.87,,Metamorphic Rock,,61,1310,9.16,,31.43017399141223,,11.685760473202626,0.49412456726443943,0.9693415548203353,2.486967559943582,0.022494274411825943,15.000524445726422,,0.7709611160430018,,,,,,,,,10.0,
,W26,30.27,101.87,,Metamorphic Rock,,65.5,1300,9.32,,31.916220501865215,,12.882730574630829,0.5084961941987245,1.6519287389590298,1.850662905500705,0.0,14.24277739901142,,0.7796246895645078,,,,,,,,,10.0,
,W26,30.27,101.87,,Metamorphic Rock,,62.5,1593,7.84,,30.580326250667138,,12.79486540295381,0.5541246657066448,0.541394281151754,1.6873060648801126,0.0,14.18265133536993,,0.8199845006048857,,,,,,,,,10.0,
,W26,30.27,101.87,,Metamorphic Rock,,70.1,1350,9.45,,31.560370303415148,,13.374340559924722,0.5286977988068299,0.7164279654673387,2.511875881523272,0.023506141994586716,13.612750914502232,,0.7927710411961645,,,,,,,,,10.0,
,W26,30.27,101.87,,Metamorphic Rock,,52,—,6.95,,31.392324323416027,,11.884721416731068,0.5449907426455463,2.325939418134637,1.5477291960507755,0.008119925046845722,14.328693736806912,,0.7521298880002455,,,,,,,,,10.0,
,W26,30.27,101.87,,Metamorphic Rock,,57.8,1460,7.26,,34.801678287251185,,10.908287073262894,0.5074675992594117,2.0868556315185387,1.46787023977433,0.01201332500520508,19.13473010711804,,0.684454311312768,,,,,,,,,10.0,
,W26,30.27,101.87,,Metamorphic Rock,,61.3,1660,7.07,,33.572883102146555,,12.93349228519869,0.45665500925735447,1.8808074255202352,1.682990126939351,0.029429523214657506,15.787172057531697,,0.8023366744845684,,,,,,,,,10.0,
,W27,30.17,101.87,,Metamorphic Rock,,67.1,837,9.09,,19.502683816874317,,7.811231278934425,0.06197146421866282,0.6472163228513149,1.9071932299012693,0.20182177805538204,8.508050241900591,,0.36519950101267057,,,,,,,,,10.0,
,W27,30.17,101.87,,Metamorphic Rock,,63,940,8.68,,14.133791942387855,,8.157541730845578,0.06932729890968936,0.5489295873047557,1.3091678420310293,0.1727045596502186,3.471243985263075,,0.40487693838351024,,,,,,,,,10.0,
,W27,30.17,101.87,,Metamorphic Rock,,58.6,838,8.51,,14.861049593202228,,7.298681426507591,0.07167249537132277,0.20632267079195568,1.4229337094499293,0.17550489277534875,5.341315834327595,,0.344618563978485,,,,,,,,,10.0,
,W27,30.17,101.87,,Metamorphic Rock,,74.4,750,9.08,,16.365813572554764,,7.20398713010122,0.06360831104710965,0.5684165876540744,1.5374330042313116,0.20719342077867997,6.439226573664958,,0.3459485450774074,,,,,,,,,10.0,
,W27,30.17,101.87,,Metamorphic Rock,,74.7,2319,7.53,,16.003635765960585,,7.390852861548979,0.05640814647191936,0.5391736114576575,1.1653314527503524,0.17074744951072246,6.330288576260965,,0.35083366795998805,,,,,,,,,10.0,
,W27,30.17,101.87,,Metamorphic Rock,,73.5,836,8.06,,15.295525202765361,,7.192764746788018,0.06447233079613249,0.5836119566844653,1.181861777150917,0.12987716010826567,5.806400860090991,,0.33653637114657153,,,,,,,,,10.0,
,W27,30.17,101.87,,Metamorphic Rock,,69,778,7.27,,14.715651465567609,,6.8370412943253145,0.05690187204278955,0.5036927990418684,1.051678420310296,0.14292109098480116,5.7665718293978045,,0.35684415946473375,,,,,,,,,10.0,
,W28,30.25,101.88,,Metamorphic Rock,,65,1620,9.52,,38.57739178662635,,16.417607327850924,0.6973050812590003,0.8227955486800738,3.0984767277856133,0.027784717884655422,16.606426426820153,,0.9069959563459281,,,,,,,,,10.0,
,W28,30.25,101.88,,Metamorphic Rock,,56,—,7.36,,43.148571778126424,,16.967591105417373,0.6996502777206336,2.295972852936773,2.3327785613540195,0.0,19.89977540611766,,0.9528035745799689,,,,,,,,,10.0,
,W28,30.25,101.88,,Metamorphic Rock,,67.6,1840,7.67,,35.898135815895685,,16.47045692368636,0.7254885825961735,1.2025550177154551,2.295881523272214,0.02210077035186342,14.27406878105702,,0.9075842172166053,,,,,,,,,10.0,
,W28,30.25,101.88,,Metamorphic Rock,,58.6,2062,7.2,,42.29939734360386,,17.147845200184484,0.623205101830899,2.079370228055292,2.3204231311706622,0.017020612117426608,19.143127794312385,,0.9684052759327131,,,,,,,,,10.0,
,W29,30.25,101.88,,Metamorphic Rock,,57,1430,9.45,,34.97558353986742,,12.281203044845906,0.7826077404424397,1.2806285863161757,2.490798307475317,0.01713095981678118,17.350532967969475,,0.7726819330013274,,,,,,,,,10.0,
,W29,30.25,101.88,,Metamorphic Rock,,54.1,1692,7.89,,35.204887809209986,,14.218194188902029,0.8487142563258588,0.16452916812216176,1.804203102961918,0.015292525504892776,17.358497987439524,,0.7954565799536041,,,,,,,,,10.0,
,W29,30.25,101.88,,Metamorphic Rock,,35,1480,9.29,,36.940269315779034,,14.637641639635442,0.8094630734416787,1.4115474824093017,2.583808180535966,0.020310222777430772,16.662910870448794,,0.8145878465304118,,,,,,,,,10.0,
,W29,30.25,101.88,,Metamorphic Rock,,55.4,—,6.62,,36.72433380528662,,13.576038976294196,0.961160255091545,2.754279155646489,1.7351198871650209,0.010826566729127629,16.927106108481595,,0.7598028558786444,,,,,,,,,10.0,
,W29,30.25,101.88,,Metamorphic Rock,,58.4,1880,7.11,,42.43279652002134,,14.02454283033466,0.8117259823081671,2.756574679375218,1.8825105782792664,0.015365396627108056,22.158897221748763,,0.7831798313481659,,,,,,,,,10.0,
,W29,30.25,101.88,,Metamorphic Rock,,55.6,1716,6.86,,35.14699980791524,,12.625920686719384,0.8034560789960913,2.3868456509805878,1.5338504936530324,0.015125962939829273,17.075197322704568,,0.7066036119217459,,,,,,,,,10.0,
,W30,30.09,101.95,,Metamorphic Rock,,39.1,1960.3,6.33,,19.213310122077313,,6.547782189547012,1.8123842830693273,0.5515245271720145,1.2377997179125528,1.1929002706641683,7.2688980739730695,,0.6020210597391702,,,,,,,,,10.0,
,W30,30.09,101.95,,Metamorphic Rock,,70.8,1427,7.67,,20.472184003008383,,6.553784859691282,1.8383048755400124,0.5509256948949548,1.1386177715091677,1.1145534041224234,8.701292103158472,,0.5747052940920705,,,,,,,,,10.0,
,W30,30.09,101.95,,Metamorphic Rock,,40.6,1060,9.24,,20.472611990206946,,6.364135281220094,1.830076116025509,0.5040171665252756,1.2389280677009873,1.1396002498438476,8.823963236354576,,0.5718918725366575,,,,,,,,,10.0,
,W30,30.09,101.95,,Metamorphic Rock,,40.6,1367,8.3,,20.85292113558878,,6.832169562034312,1.8004525817732977,0.5222316482858426,1.1557122708039491,1.1616697897147616,8.775288117370954,,0.6053971656056657,,,,,,,,,10.0,
,W30,30.09,101.95,,Metamorphic Rock,,40.1,1070,9.26,,20.6698662483309,,7.400945512414675,1.9734170861962559,0.3626621498078746,1.1782257949072494,1.005762237598501,8.02678934326284,,0.722064124143505,,,,,,,,,10.0,
,W30,30.09,101.95,,Metamorphic Rock,,38.2,1230,7.72,,16.81169943740878,,6.7907246896652165,1.9665306990331206,1.4257184156395029,1.2297463018335684,1.088996741619821,3.6389977842168055,,0.6709848054007463,,,,,,,,,10.0,
,W30,30.09,101.95,,Metamorphic Rock,,41.1,1030,8.96,,24.580166457227122,,6.92820099306622,1.5032052602783337,1.5020709616248316,1.673613540197461,1.3426639600249843,10.95511400138978,,0.6752977406455114,,,,,,,,,10.0,
,W30,30.09,101.95,,Metamorphic Rock,,39.8,1220,8.24,,26.265134729251603,,6.269919458520875,2.0094630734416787,1.5901492090423672,0.997150916784203,1.1434936498022068,13.62784675695874,,0.6271116647015342,,,,,,,,,10.0,
,W30,30.09,101.95,,Metamorphic Rock,,41.5,1040,8.91,,25.639457617829816,,6.884888665040524,2.1426455461839127,2.336493837017815,1.1083215796897037,1.1735477826358525,11.313684100116689,,0.6798761071453234,,,,,,,,,10.0,
,W30,30.09,101.95,,Metamorphic Rock,,41.7,1233,8.35,,24.871581113323,,7.115730479936532,1.9742439827196052,0.3001397275313139,1.1950070521861775,1.1236727045596502,12.449917297367282,,0.7128698690224383,,,,,,,,,10.0,
,W30,30.09,101.95,,Metamorphic Rock,,40,1473,6.99,,31.48348317121073,,5.8605634532474,2.0933964204896114,4.768276860122761,1.0118758815232722,1.0160732875286278,16.15455087779103,,0.5787463905080272,,,,,,,,,10.0,
,W30,30.09,101.95,,Metamorphic Rock,,41,1030,9.03,,35.30311445726263,,6.7674016211298165,2.093067270109031,5.864514197315235,1.5906064880112833,1.3290547574432645,17.001817532220635,,0.6566525910333697,,,,,,,,,10.0,
,W30,30.09,101.95,,Metamorphic Rock,,41,1833,6.67,,34.61896775627811,,5.994492593640241,2.0401152026332032,5.888442537052747,1.0007052186177714,1.1539454507599416,17.94663731955789,,0.5946294340163126,,,,,,,,,10.0,
,W30,30.09,101.95,,Metamorphic Rock,,40.5,—,6.55,,35.07729219870466,,5.797056943025395,2.0864842624974287,6.486850641249563,0.940366713681241,0.9345929627316261,18.231658821832674,,0.6002818536867331,,,,,,,,,10.0,
,W30,30.09,101.95,,Metamorphic Rock,,41.5,1820,7.04,,32.02940883478603,,5.813673029946496,2.0679695535897964,6.209965567144069,0.9374894217207334,1.0684363939204664,15.340774999672218,,0.5910998687922493,,,,,,,,,10.0,
,W30,30.09,101.95,,Metamorphic Rock,,41.6,2043,6.65,,31.254358017431514,,5.727243279390933,1.8872659946513062,5.987748889665153,0.9147531734837798,1.0385592338122007,15.134491812091095,,0.5642956343370428,,,,,,,,,10.0,
,W30,30.09,101.95,,Metamorphic Rock,,41.3,1894,6.53,,34.74057152859355,,5.9870110047647715,1.836124254268669,6.02891860871301,1.025641748942172,1.0242140328961065,18.25687187790903,,0.5817900010997921,,,,,,,,,10.0,
,W31,29.98,101.96,,Metamorphic Rock,,70.8,2723.7,6.8,,51.25714951000029,,22.21944900794784,1.2928615511211685,0.39977044762712705,6.2251057827926655,0.08667499479491984,19.67261475528051,,1.3606729704360547,,,,,,,,,10.0,
,W31,29.98,101.96,,Metamorphic Rock,,80,2750,8.25,,52.26794372431828,,22.548290937590544,1.2734005348693684,0.4342781575926942,5.745105782792665,0.08945450759941703,20.82901758204298,,1.3483962218306167,,,,,,,,,10.0,
,W31,29.98,101.96,,Metamorphic Rock,,73.1,2240,9.56,,51.158388441595875,,22.474345001030674,1.2688747171363917,0.41693697290283943,6.379407616361072,0.08640433062669166,19.19553303352519,,1.3368867700130185,,,,,,,,,10.0,
,W31,29.98,101.96,,Metamorphic Rock,,70.2,2912,8.88,,51.87120090395762,,22.094175891893478,1.2791606665295208,0.40745546184939363,5.854724964739069,0.08640433062669166,20.82901758204298,,1.3202620062764876,,,,,,,,,10.0,
,W31,29.98,101.96,,Metamorphic Rock,,70.5,2280,9.52,,49.33417311210406,,22.341439466616652,1.2716923056161284,0.2039294326064175,5.2036146585867415,0.09949614482605662,18.85520709050622,,1.3587940133458487,,,,,,,,,10.0,
,W31,29.98,101.96,,Metamorphic Rock,,70,2400,8.05,,53.26960565338417,,22.034343935600223,1.3201654190495784,0.34586633379909176,6.212365370944992,0.0,21.993942651859815,,1.3629219421304761,,,,,,,,,10.0,
,W31,29.98,101.96,,Metamorphic Rock,,72,2290,9.76,,56.275976774820755,,21.835391148828332,1.094480393705464,1.156044204187776,8.05073060648801,0.010075994170310222,22.708245925712262,,1.4210085017286018,,,,,,,,,10.0,
,W31,29.98,101.96,,Metamorphic Rock,,70,2320,9.42,,53.55576121341085,,22.32836702273955,1.4050606871014195,1.305803682818504,6.093878702397743,0.0,20.98402079427305,,1.4386303240805864,,,,,,,,,10.0,
,W31,29.98,101.96,,Metamorphic Rock,,71.5,2320,9.35,,53.93662923031994,,22.46734188586236,1.403744085579099,1.2742901342382353,6.347277856135402,0.0,21.03470683483893,,1.4092684336659138,,,,,,,,,10.0,
,W31,29.98,101.96,,Metamorphic Rock,,72.1,2640,8.12,,51.24279277927307,,22.042718219569757,1.4167866694095865,0.16203403363441288,5.7834414668547245,0.0143139704351447,20.377220703970053,,1.4462777153993907,,,,,,,,,10.0,
,W31,29.98,101.96,,Metamorphic Rock,,72,2546,7.67,,53.19231091790983,,21.450498262944706,1.3705410409380785,0.8878437047756873,5.521833568406206,0.01440766187799292,22.59377745145599,,1.3534092275111704,,,,,,,,,10.0,
,W31,29.98,101.96,,Metamorphic Rock,,71.6,2310,9.43,,56.44521248842883,,22.2386749514534,1.4117671261057396,1.2193223214731275,8.090775740479547,0.016739537788881948,22.085417458798233,,1.3825153523298968,,,,,,,,,10.0,
,W31,29.98,101.96,,Metamorphic Rock,,72,2510,7.17,,52.19555132795672,,22.0149232469452,1.3845710759103065,1.2123109935625531,5.510352609308885,0.01181553195919217,20.656810911093334,,1.4047669591772531,,,,,,,,,10.0,
,W31,29.98,101.96,,Metamorphic Rock,,72,—,7.07,,54.522136875307446,,22.64315922443588,1.461304258383049,1.3248914616497827,6.511904090267983,0.01405371642723298,21.108090624221525,,1.4587334999219919,,,,,,,,,10.0,
,W31,29.98,101.96,,Metamorphic Rock,,72,2590,8.05,,47.66916020061562,,22.571388168363068,1.4239868339847768,1.1483357452966716,6.4494499294781376,0.015261295023943367,14.64796580613864,,1.4127724223303824,,,,,,,,,10.0,
,W31,29.98,101.96,,Metamorphic Rock,,72.17,2882,7.82,,50.92900304070201,,21.985518862760216,1.3005965850648016,0.9085283696791256,6.531509167842031,0.01052467207995003,18.823595796567503,,1.3687295867083735,,,,,,,,,10.0,
,W31,29.98,101.96,,Metamorphic Rock,,71.9,2600,8.11,,53.455834232047486,,22.90736370600331,1.2431186998559967,1.2641349368730974,6.623272214386459,0.009473245887986675,20.01756696516369,,1.3909044638769463,,,,,,,,,10.0,
,W32,29.97,101.96,,Metamorphic Rock,,72,—,7.73,,49.73260298528703,,23.189097724296403,0.45015428924089695,0.44855032686261787,7.450916784203102,0.06463668540495524,16.617007512685028,,1.5122396625940258,,,,,,,,,10.0,
,W33,29.39,101.96,,Metamorphic Rock,,43,838,8.19,,14.605931264537077,,4.70613689071865,0.20353836659123636,0.2945007235890014,0.7728067700987306,0.2795856756194045,8.32197034259417,,0.027392495325883733,,,,,,,,,10.0,
,W33,29.39,101.96,,Metamorphic Rock,,35.5,768,7.68,,15.9019813933336,,3.34179086357936,0.8689981485291092,2.276086631069415,0.5578843441466854,0.3767228815323756,8.246728769781438,,0.23376975469521694,,,,,,,,,10.0,
,W33,29.39,101.96,,Metamorphic Rock,,40.8,2920,6.38,,14.069171530200116,,1.6431222079699888,0.7571281629294384,1.990219072808024,0.714527503526093,0.30638142827399545,7.59206906950217,,1.065724085190405,,,,,,,,,10.0,
,W33,29.39,101.96,,Metamorphic Rock,,43.7,1040,6.86,,18.904481046513038,,4.450849419148144,0.7925529726393747,2.6890563401367333,0.691086036671368,0.2729752238184468,9.699328709470176,,0.3086323446287946,,,,,,,,,10.0,
,W33,29.39,101.96,,Metamorphic Rock,,40.3,963,6.57,,16.84948635618693,,3.9560641083431505,0.6629500102859494,2.3797095663456256,0.6211847672778561,0.2833645638142827,8.649857744096709,,0.2963555960233565,,,,,,,,,10.0,
,W34,29.95,101.96,,Metamorphic Rock,,80.5,2071.7,6.97,,36.42455688920781,,17.2594165691704,0.5435918535280806,0.3282848445531214,9.482595204513398,0.5409119300437226,7.215362818109111,,1.0543936692899691,,,,,,,,,10.0,
,W34,29.95,101.96,,Metamorphic Rock,,50.1,2072,8.53,,35.65143064107468,,15.973192249126123,0.5611602550915449,0.3345226807724936,9.267700987306064,0.520716219029773,7.956497226993221,,1.037641022755465,,,,,,,,,10.0,
,W34,29.95,101.96,,Metamorphic Rock,,83,1900,9.27,,34.8025747362314,,15.981021818879519,0.5554412672289653,0.3410848844752732,9.053032440056416,0.5175931709348324,7.261770528772403,,1.0926306258839897,,,,,,,,,10.0,
,W34,29.95,101.96,,Metamorphic Rock,,83,2350,8.14,,33.528899932824494,,15.211549102559491,0.5681958444764452,0.34432855930934675,8.486036671368122,0.5270664168228191,7.3297845839178715,,1.0619387543703946,,,,,,,,,10.0,
,W34,29.95,101.96,,Metamorphic Rock,,78.1,1790,9.37,,36.22217852178785,,16.608092373959913,0.6496503262703147,0.32266910212585453,7.6852809985540755,0.43384488885646466,9.359422323032344,,1.1632185089888818,,,,,,,,,10.0,
,W34,29.95,101.96,,Metamorphic Rock,,80,1850,8.05,,36.98173558027523,,15.060016072105814,0.6679725965850648,0.5911182942262587,7.383510566995767,0.5498996408494691,11.596806125526085,,1.1324122839867719,,,,,,,,,10.0,
,W34,29.95,101.96,,Metamorphic Rock,,79,1770,9.21,,35.0283078096784,,13.66435937553396,0.6280278873866941,0.9151688602254903,10.01337658674189,0.6189173433270873,8.018758768076989,,1.169698988386293,,,,,,,,,10.0,
,W34,29.95,101.96,,Metamorphic Rock,,79.8,1630,9.14,,34.452241958940434,,14.129807045908118,0.5916889528903518,1.1996856130545437,6.11410437235543,0.5476368936081616,10.796126640531787,,1.073192440592046,,,,,,,,,10.0,
,W34,29.95,101.96,,Metamorphic Rock,,81,130,9.12,,37.34133118348795,,15.041125467593867,0.6880065830076116,1.370776984879485,7.297602256699576,0.4653341661461587,11.302987046190557,,1.175498678970697,,,,,,,,,10.0,
,W34,29.95,101.96,,Metamorphic Rock,,78.8,1976,8.15,,34.55722886372006,,14.93899307992177,0.7458136185969965,0.49286391536503815,6.881889985895627,0.5078909015198834,9.806733598369629,,1.1830437640511224,,,,,,,,,10.0,
,W34,29.95,101.96,,Metamorphic Rock,,70.4,1830,7.88,,34.841691329846206,,13.90809972905774,0.6457107591030653,1.2780328359698585,5.454358251057828,0.5387986674994795,11.974702049271675,,1.0419890378865573,,,,,,,,,10.0,
,W34,29.95,101.96,,Metamorphic Rock,,81,1690,9.16,,40.25535359595114,,14.658694482750132,0.7547418226702325,1.503168820799441,9.504710860366712,0.6649385800541329,12.087670936528955,,1.0814280927815274,,,,,,,,,10.0,
,W34,29.95,101.96,,Metamorphic Rock,,76.3,1676,7.35,,32.535496624289,,13.197783761985603,0.6087224850853734,1.206746843654873,4.583779971791255,0.5397355819279617,11.424593554562021,,0.9741344252819176,,,,,,,,,10.0,
,W34,29.95,101.96,,Metamorphic Rock,,75.8,—,7.2,,36.55951424677289,,14.669481889965924,0.7946513063155729,1.6164229751983632,6.546149506346967,0.5365292525504893,11.249093888896171,,1.1471854274994049,,,,,,,,,10.0,
,W34,29.95,101.96,,Metamorphic Rock,,82.4,1770,8.1,,33.08948085221236,,13.78017325880917,0.7403826373174245,1.4801636808223964,5.965641748942171,0.4825629814699146,9.57836202488495,,1.062194519966341,,,,,,,,,10.0,
,W34,29.95,101.96,,Metamorphic Rock,,77,1976,7.86,,32.314318104309855,,13.668297406555064,0.6287595145031887,1.4123708767902587,5.978956276445698,0.5039870914012076,9.08527782512357,,1.0366691134908677,,,,,,,,,10.0,
,W34,29.95,101.96,,Metamorphic Rock,,82.3,1819,7.63,,34.132436030614095,,14.196227895982775,0.5906192141534664,1.3029093268127152,5.8647108603667135,0.5019050593379139,10.670521233496348,,1.0055424404641633,,,,,,,,,10.0,
,W35,29.96,101.96,,Metamorphic Rock,,82,—,9.25,,86.21880949320132,,41.680627586993154,0.0397449084550504,0.049877738410100306,24.582623413258105,0.14097439100562148,16.445918632245544,,3.2790428228337296,,,,,,,,,10.0,
,W36,29.59,102.03,,Metamorphic Rock,,51.5,883.7,6.35,,14.404532192356532,,6.703416637200662,0.19008434478502367,0.3355955886022256,1.047672778561354,0.6173329169269207,5.041355823314234,,0.46907410296611357,,,,,,,,,10.0,
,W36,29.59,102.03,,Metamorphic Rock,,50.8,906,8.55,,15.220753739547876,,6.807288929262404,0.19078378934375642,0.33644393432806025,1.0381100141043724,0.647626483447845,5.733830682697224,,0.4666699063642153,,,,,,,,,10.0,
,W36,29.59,102.03,,Metamorphic Rock,,63,869,9.11,,14.13598827574029,,6.656004242582864,0.19419872454227524,0.3293577523828534,0.9960507757404795,0.6499063085571518,4.8365368226455665,,0.47393364928909953,,,,,,,,,10.0,
,W36,29.59,102.03,,Metamorphic Rock,,77.4,1160,8.58,,14.888914676463203,,6.5437804094508305,0.19543303846945073,0.3246169968561305,1.0146685472496473,0.623048094940662,5.719572314510102,,0.46779527498638046,,,,,,,,,10.0,
,W36,29.59,102.03,,Metamorphic Rock,,67.2,651,9.06,,11.346676756116798,,5.750760538742255,0.21845715038058014,0.3173293810818903,0.7073912151324964,0.5551459057117218,3.3098884241717035,,0.48770414089615144,,,,,,,,,10.0,
,W36,29.59,102.03,,Metamorphic Rock,,77.3,1075,7.88,,13.701397277321384,,8.130987115529521,0.2369425795103888,1.2122049442087928,1.2511355148095908,0.7332681813449927,1.5195814923103144,,0.6172774496077834,,,,,,,,,10.0,
,W36,29.59,102.03,,Metamorphic Rock,,61.2,741,9.28,,17.39217344529752,,5.936634821938098,0.19540970768636534,1.3203198339949946,1.1858871650211567,0.8233739329585675,7.46494408097442,,0.46560390272391633,,,,,,,,,10.0,
,W36,29.59,102.03,,Metamorphic Rock,,78,939,9.07,,20.072161611786036,,8.223658097652047,0.22847150792018103,1.3205249762962223,1.2766149506346967,0.7076410576722881,7.704278166013294,,0.6109728555973022,,,,,,,,,10.0,
,W36,29.59,102.03,,Metamorphic Rock,,75.8,788,8.46,,13.634672882119895,,5.365778142442406,0.20950421723925117,0.2828234941863366,0.7261777150916783,0.5489381636477202,6.05317078949685,,0.44828036001565286,,,,,,,,,10.0,
,W36,29.59,102.03,,Metamorphic Rock,,76.1,1142,7.63,,22.790491925499474,,8.802306800037877,0.23521909072207364,1.2616398023853486,1.334696755994358,0.8631584426400167,9.658839860497435,,0.6346311732223651,,,,,,,,,10.0,
,W36,29.59,102.03,,Metamorphic Rock,,60,693,9.03,,16.317098709090992,,5.934987863514418,0.1986833984776795,1.2921802485153948,1.1748095909732015,0.7624713720591296,6.495711017293598,,0.4582552182575713,,,,,,,,,10.0,
,W36,29.59,102.03,,Metamorphic Rock,,80.6,1104,7.4,,21.00135857859604,,8.328487337128093,0.2203661797983954,1.2668047307749888,1.188744710860367,0.8551426191963356,8.527131544099332,,0.6146814567385283,,,,,,,,,10.0,
,W36,29.59,102.03,,Metamorphic Rock,,75.3,2853,7.01,,19.00770818942219,,7.481762865907874,0.21571693067270112,1.3293577523828533,1.0457545839210156,0.6597230897355819,7.698999619776848,,0.5763933470253182,,,,,,,,,10.0,
,W36,29.59,102.03,,Metamorphic Rock,,57,727,7.3,,11.681482987482573,,4.46220229529057,0.19473359391071796,1.265706871600379,0.600620592383639,0.45974391005621484,4.321809731090453,,0.37666599315059734,,,,,,,,,10.0,
,W36,29.59,102.03,,Metamorphic Rock,,72,985,7.18,,17.626839222984728,,7.272278377394745,0.20555441267228966,1.2001347372623383,1.0479830747531735,0.6267020612117427,6.711911473561379,,0.5622750861290644,,,,,,,,,10.0,
,W37,29.75,102.06,,Metamorphic Rock,,45.6,1668,7.3,,32.74721188094824,,18.384699733172614,0.3986833984776795,0.31264035131493584,4.17574047954866,0.300333125130127,8.934439367518452,,0.24067542578577583,,,,,,,,,10.0,
,W37,29.75,102.06,,Metamorphic Rock,,69.1,1724,8.24,,30.93847716411966,,15.878149971841824,0.38786257971610777,0.31805479315335095,4.062905500705218,0.2565584009993754,9.787288091148666,,0.24765782655511875,,,,,,,,,10.0,
,W37,29.75,102.06,,Metamorphic Rock,,42.8,1310,9.37,,30.830397252308106,,15.686543000932284,0.3851059452787492,0.2986675981835421,4.186459802538787,0.2505725588174058,9.786976701498602,,0.23607164505873657,,,,,,,,,10.0,
,W37,29.75,102.06,,Metamorphic Rock,,48.2,1396,8.36,,27.295098258606483,,13.1841255125269,0.3694713022011932,0.30041419232496624,4.407052186177714,0.2218405163439517,8.577145966356806,,0.23504858267495005,,,,,,,,,10.0,
,W37,29.75,102.06,,Metamorphic Rock,,48.3,1070,9.32,,22.51163411822341,,10.876636021223181,0.5572393352808064,0.2409442721692699,1.7056783306471084,0.1843210365038726,8.720998151328814,,0.22581697107035345,,,,,,,,,10.0,
,W37,29.75,102.06,,Metamorphic Rock,,46.5,1260,8.11,,26.639002009182878,,12.233334649078031,0.5309118247274223,0.33082020125754774,2.339583379407616,0.21421986258588382,10.757037406091436,,0.23309468603494268,,,,,,,,,10.0,
,W37,29.75,102.06,,Metamorphic Rock,,47.5,1270,9.29,,26.304108214201573,,12.090989048670954,0.4610266120157005,0.5531143795537427,3.474990126939351,0.1602373516552155,9.317884582606757,,0.24586611275985323,,,,,,,,,10.0,
,W37,29.75,102.06,,Metamorphic Rock,,46,1320,9.47,,27.81497981726448,,12.834361232598729,0.5261057395597614,0.6290982583961275,2.489393511988716,0.18697688944409743,10.897498721663542,,0.2515454636135075,,,,,,,,,10.0,
,W37,29.75,102.06,,Metamorphic Rock,,46.5,1456,8.29,,27.638389072298832,,13.399873656842747,0.5154906397860523,0.2271819951095364,2.3702961918194636,0.1959088069956277,10.663743868199296,,0.26589391354611325,,,,,,,,,10.0,
,W37,29.75,102.06,,Metamorphic Rock,,50.5,1450,8.02,,30.28123115516652,,13.517317203143712,0.5153672083933347,0.6640301412246119,2.4970662905500705,0.19400374765771392,12.652515372815357,,0.24093119138172248,,,,,,,,,10.0,
,W37,29.75,102.06,,Metamorphic Rock,,46.7,1350,9.29,,31.022791118750646,,13.928717596075021,0.4697387368854145,0.5784719796397025,3.457094499294781,0.19339995835935872,12.144155380157594,,0.2512129683387768,,,,,,,,,10.0,
,W37,29.75,102.06,,Metamorphic Rock,,45.6,1415,7.48,,29.758209449109113,,13.525016280067886,0.45949393128985805,0.5434153400868307,2.490973201692525,0.1768269831355403,12.305950820102003,,0.25653289273446667,,,,,,,,,10.0,
,W37,29.75,102.06,,Metamorphic Rock,,47,—,7.61,,31.617014616046287,,14.931424495826818,0.483809915655215,0.6086132042517091,2.7345557122708035,0.173579013116802,12.414636886890166,,0.27039538803477386,,,,,,,,,10.0,
,W37,29.75,102.06,,Metamorphic Rock,,44.9,1490,7.73,,29.682473301928287,,14.539902510547192,0.4570664472330796,0.6058436049703079,2.737940761636107,0.127930460129086,10.930989497974327,,0.2828000194381853,,,,,,,,,10.0,
,W37,29.75,102.06,,Metamorphic Rock,,40,1418,7.4,,29.11284318743828,,13.231711897583661,0.3694713022011932,0.6348869704077049,2.444005641748942,0.12560899437851344,12.064897208637621,,0.2422611724806449,,,,,,,,,10.0,
,W38,29.39,102.1,,Metamorphic Rock,,30.4,750,7.9,,7.7145867627853315,,2.120073498781132,0.2546801069738737,1.2500623783621936,0.11204513399153737,1.6198209452425567,2.2811750206500503,,0.07672967878398805,,,,,,,,,10.0,
,W38,29.39,102.1,,Metamorphic Rock,,42.9,503,8.5,,6.834209703790383,,2.009154593941331,0.25138860316807243,1.1085882529068316,0.11114245416078983,1.6710389339995837,1.6069344836176265,,0.07596238199614817,,,,,,,,,10.0,
,W38,29.39,102.1,,Metamorphic Rock,,41.4,649,7.79,,6.939054268102471,,2.0135043549154408,0.25385723102242336,1.1385298667598183,0.1007052186177715,1.6850926504268167,1.669867970788373,,0.07749697557182793,,,,,,,,,10.0,
,W38,29.39,102.1,,Metamorphic Rock,,42.4,524,8.8,,8.476382079002827,,2.1516716459395484,0.2650657683604197,1.525752141449174,0.09096801920739069,1.4731167297059702,2.8126104040198765,,0.15719737032044873,,,,,,,,,10.0,
,W38,29.39,102.1,,Metamorphic Rock,,41.5,626,7.79,,8.844965420070789,,2.0789346259199037,0.25470901584036204,2.009667670243026,0.10953869675599436,1.6426955808869457,2.5992841315834325,,0.1501356988411261,,,,,,,,,10.0,
,W38,29.39,102.1,,Metamorphic Rock,,41.1,663,7.7,,10.907881260426578,,2.1215089199025883,0.2701501748611397,2.508732970707121,0.11641748942172071,1.6229439933374974,4.123364384890719,,0.14476332730579075,,,,,,,,,10.0,
,W38,29.39,102.1,,Metamorphic Rock,,45.7,2148,7.22,,10.926709467632534,,2.55605004121616,0.2597819378728657,2.664354508708019,0.15878702397743297,1.841380387257964,3.282767893432628,,0.1635876751674625,,,,,,,,,10.0,
,W38,29.39,102.1,,Metamorphic Rock,,42.2,684,7.67,,9.824551038897068,,1.9808376499998757,0.27031475005142974,2.3591247068216976,0.32504936530324396,1.5681761399125547,3.1561307705418833,,0.164917656266385,,,,,,,,,10.0,
,W38,29.39,102.1,,Metamorphic Rock,,41.8,701,7.23,,10.26973305220762,,2.055218562657154,0.2301584036206542,2.3334996756325164,0.09732016925246827,1.606901936289819,3.7813585766542985,,0.16527572810071026,,,,,,,,,10.0,
,W39,29.62,102.11,,Metamorphic Rock,,48.8,831.7,7.26,,13.039425601040744,,4.71644582422729,0.9076321744497017,0.4815609561355357,0.5201692524682652,0.6274099521132626,5.5319764392757405,,0.25423100237094703,,,,,,,,,10.0,
,W39,29.62,102.11,,Metamorphic Rock,,44.1,893,8.06,,13.320364152333926,,4.633887360938686,0.9080436124254269,0.5020210589350765,0.5030747531734837,0.6253175098896523,5.891410234558351,,0.2566096224132507,,,,,,,,,10.0,
,W39,29.62,102.11,,Metamorphic Rock,,50,666,9.09,,13.476351754752816,,4.681212760337001,0.8751285743674141,0.46135036678476965,0.48970380818053594,0.6774932333957943,6.046695336366377,,0.2447676753209219,,,,,,,,,10.0,
,W39,29.62,102.11,,Metamorphic Rock,,44.8,857,8.25,,13.199398449900288,,4.861292864665148,0.8833573338819173,0.48205998303308545,0.5035260930888575,0.6673953778888194,5.561091371556685,,0.24067542578577583,,,,,,,,,10.0,
,W39,29.62,102.11,,Metamorphic Rock,,46.6,651,9.06,,12.998373692119788,,4.857702605363282,1.0556158798601112,0.4682313607215928,0.3865772703578561,0.5685894392514678,5.386316555440469,,0.27534058112501053,,,,,,,,,10.0,
,W39,29.62,102.11,,Metamorphic Rock,,45.1,727,7.98,,14.547564856427432,,4.032232381630281,1.1734740656243572,0.8967494994760217,0.38599713399153734,0.5712758536331459,7.238006581793866,,0.2498293402782218,,,,,,,,,10.0,
,W39,29.62,102.11,,Metamorphic Rock,,44,605,9.24,,13.618673918982386,,3.417947030407326,1.0391168936201851,0.9667418513284569,0.38310578279266566,0.7383853841349156,6.838116715396415,,0.23526026130242209,,,,,,,,,10.0,
,W39,29.62,102.11,,Metamorphic Rock,,44,762,8.41,,14.099252399869068,,3.5813322004235886,1.1850236576836042,1.198637656569689,0.424428772919605,0.5728607120549657,6.893301516959263,,0.24366788325835134,,,,,,,,,10.0,
,W39,29.62,102.11,,Metamorphic Rock,,40,747,8.29,,13.052907190665913,,3.6704153051733583,1.306850442295824,0.5635261240580867,0.3479266572637517,0.6159171351238809,6.284679503568417,,0.26359202318259356,,,,,,,,,10.0,
,W39,29.62,102.11,,Metamorphic Rock,,46,819,7.28,,15.222309994935259,,4.203043536453107,1.12935609956799,1.3516393033584508,0.3576868829337094,0.6267853424942744,7.304248338162603,,0.24955049196512377,,,,,,,,,10.0,
,W39,29.62,102.11,,Metamorphic Rock,,42,2354,7.28,,15.019276062680113,,4.132055437355635,1.2537749434272782,1.4579819352263086,0.4184203102961918,0.6691338746616697,6.822169107524485,,0.2657404541885453,,,,,,,,,10.0,
,W39,29.62,102.11,,Metamorphic Rock,,43.4,787,7.59,,12.560670296637722,,3.3542746775750554,1.4514708907632174,1.305304655920954,0.2956840620592383,0.58175098896523,5.344528064401935,,0.22765695695209254,,,,,,,,,10.0,
,W39,29.62,102.11,,Metamorphic Rock,,57,873,7.07,,15.317059800018802,,5.2035320581081095,0.7294795309607077,1.3497929038375167,0.44059238363892805,0.7459192171559442,6.558293781384798,,0.2894499249327976,,,,,,,,,10.0,
,W40,29.62,102.11,,Metamorphic Rock,,57.2,866,7.41,,14.64853883367337,,5.118189747796074,0.7932112734005349,1.3719996007784818,0.43452750352609304,0.5728294815740163,6.092322114565168,,0.265459112033004,,,,,,,,,10.0,
,W41,29.54,102.14,,Metamorphic Rock,,63.8,2008,7.99,,36.546364481634974,,14.190094733009278,0.901995474182267,0.873995708368681,5.456276445698166,1.462013325005205,12.62035782931914,,1.0416309660522327,,,,,,,,,10.0,
,W41,29.54,102.14,,Metamorphic Rock,,58.1,1975,7.76,,36.911169573674854,,14.551081396250655,1.5379140094630734,0.9769948600229551,6.009308885754583,1.4480533000208202,11.353373169356637,,1.0344439528061322,,,,,,,,,10.0,
,W41,29.54,102.14,,Metamorphic Rock,,62.7,2016,7.38,,36.19966659339396,,14.283788584391605,1.5428101213742027,0.0,5.6340197461212975,1.5541952946075368,12.151713298632508,,1.0331395482668044,,,,,,,,,10.0,
,W41,29.54,102.14,,Metamorphic Rock,,61.7,—,7.54,,40.24115324510513,,15.274185660586673,1.6562435712816295,1.871899795398972,5.836502115655852,1.576597959608578,12.917210473181157,,1.1085136693922752,,,,,,,,,10.0,
,W41,29.54,102.14,,Metamorphic Rock,,66.4,2190,7.46,,38.722793805098206,,14.034764768623818,1.6499485702530343,3.0726084135934926,5.504400564174894,1.6625026025400789,11.766759318745,,1.031809567167882,,,,,,,,,10.0,
,W41,29.54,102.14,,Metamorphic Rock,,65.3,2187,7.07,,40.31533485161798,,13.179645258723566,1.5379140094630734,3.1572683267628125,4.847052186177715,1.6548719550281075,14.912732886680388,,1.0258502287823257,,,,,,,,,10.0,
,W42,29.49,102.14,,Metamorphic Rock,,53,1642.3,6.5,,12.880403454876662,,3.3462711173826936,1.8646369059864225,0.3268626178951045,0.6942172073342735,1.584946908182386,4.6133212492297195,,0.4501474488660632,,,,,,,,,10.0,
,W42,29.49,102.14,,Metamorphic Rock,,41.2,937,8.19,,13.14417209856799,,3.1914196267043833,1.8806829870397037,0.3177803283596986,0.6607616361071932,1.4534665833853841,5.207254395510745,,0.43280654146088193,,,,,,,,,10.0,
,W42,29.49,102.14,,Metamorphic Rock,,54,817,9.16,,12.91474619142749,,3.441530882715699,1.7946924501131454,0.31962672788063273,0.7026798307475317,1.5119716843639393,4.694608697932372,,0.44963591767416994,,,,,,,,,10.0,
,W42,29.49,102.14,,Metamorphic Rock,,43.2,1001,8.38,,13.477575477236243,,3.441095906618288,1.8284303641226085,0.3171315933928839,0.7235543018335683,1.514053716427233,5.207254395510745,,0.4460551993309172,,,,,,,,,10.0,
,W42,29.49,102.14,,Metamorphic Rock,,43.6,820,8.62,,13.706968819785656,,3.754990494075865,2.076182547623946,0.6012855056390038,0.7782492209756275,1.4175619388923588,4.493762373641357,,0.5849367389374985,,,,,,,,,10.0,
,W42,29.49,102.14,,Metamorphic Rock,,33.2,950,7.59,,15.976767075609436,,3.4743854175307285,1.9789047665089488,1.3914309347771843,0.8145820592383638,1.451042041432438,6.318259889079728,,0.5481619670420452,,,,,,,,,10.0,
,W42,29.49,102.14,,Metamorphic Rock,,44.9,749,9.23,,17.89603042009682,,3.5069340404437384,1.6159282144246658,1.8171744330519586,0.9279181946403384,1.69288881948782,7.835342069725058,,0.49984464832323905,,,,,,,,,10.0,
,W42,29.49,102.14,,Metamorphic Rock,,50.6,—,7.34,,28.28281690740773,,3.81547983365992,2.3135980250977166,5.760317381106841,0.9068829337094498,1.4977826358525923,13.398397949417209,,0.590358148564004,,,,,,,,,10.0,
,W42,29.49,102.14,,Metamorphic Rock,,52.7,1490,7.03,,26.94461880375358,,3.1843730139263253,2.046204484673935,5.218224462298517,0.7075599435825105,1.3392671247137207,13.94415964127912,,0.504830133279452,,,,,,,,,10.0,
,W42,29.49,102.14,,Metamorphic Rock,,49.3,831,7.93,,12.07341603011859,,5.0197111593422274,0.24694507303024069,1.337816258296322,0.20741889985895626,2.1301998750780764,2.8005686958345897,,0.3307560686781778,,,,,,,,,10.0,
,W43,29.44,102.22,,Metamorphic Rock,,54.1,228,8.23,,3.362111045531387,,1.679007736006395,0.04937255708701913,0.1743100953141374,0.07289139633286318,0.18550905683947533,1.1409152889040395,,0.060104915047457304,,,,,,,,,10.0,
,W43,29.44,102.22,,Metamorphic Rock,,31.3,174,8.47,,3.3178589281041,,1.6359451023627076,0.05060687101419461,0.16118568790857826,0.06882933709449929,0.1799916718717468,1.1601722804211299,,0.06112797743124381,,,,,,,,,10.0,
,W43,29.44,102.22,,Metamorphic Rock,,31.2,232.9,7.7,,3.0778031206421126,,1.5285060063021947,0.04937255708701913,0.17116622585957383,0.06629055007052186,0.17863835103060588,1.0239802808406864,,0.05984914945151067,,,,,,,,,10.0,
,W43,29.44,102.22,,Metamorphic Rock,,29.9,178,8.8,,2.5930113190184563,,1.5870974299915759,0.0,0.18387292841459155,0.05721944361280677,0.14499222408343276,0.6198292929160493,,0.0,,,,,,,,,10.0,
,W43,29.44,102.22,,Metamorphic Rock,,28.8,178,7.31,,3.203398062720459,,1.5214950927084132,0.0,0.17545560676680472,0.06634087447108603,0.16045891630231104,1.2796475724718437,,0.0,,,,,,,,,10.0,
,W43,29.44,102.22,,Metamorphic Rock,,31.4,176,8.34,,3.0524904465052725,,1.559808103222255,0.0,0.15111234240820173,0.07529760225669957,0.1745450759941703,1.082701813271099,,0.009025509352847055,,,,,,,,,10.0,
,W43,29.44,102.22,,Metamorphic Rock,,30.3,186,9.26,,2.6677661289036445,,1.5332907433737155,0.0,0.1952442736663506,0.07833568406205924,0.15129085987924212,0.7096045679222771,,0.0,,,,,,,,,10.0,
,W43,29.44,102.22,,Metamorphic Rock,,31.5,177,8.9,,2.653854941572961,,1.5349871501536185,0.0,0.19337292280053894,0.0681805359661495,0.14770976473037684,0.7096045679222771,,0.0,,,,,,,,,10.0,
,W43,29.44,102.22,,Metamorphic Rock,,35.6,179.6,8.71,,2.694607575851763,,1.478266267051226,0.0,0.1810968611208144,0.08710860366713681,0.13915261295023945,0.7822045731667344,,0.026778657895611825,,,,,,,,,10.0,
,W43,29.44,102.22,,Metamorphic Rock,,35,531,8.4,,2.647626007823968,,1.5584323618040705,0.003990948364534046,0.1590648235939917,0.07359661495063469,0.149156777014366,0.6843555217579421,,0.019028960338429036,,,,,,,,,10.0,
,W43,29.44,102.22,,Metamorphic Rock,,35.8,178,8.85,,3.5374348519278733,,1.6001030719360427,0.012548858259617362,0.21116323169818854,0.07811001410437235,0.1284613783052259,1.4735941576746077,,0.03345413994981879,,,,,,,,,10.0,
,,,,,Metamorphic Rock,,,,,,0.0,,,,,,,,,,,,,,,,,,,
